travel_type,market,measure,unit,state,state_abbrev,year,annual_value,annual_method,source
Overnight,All overnight,Trips,000 trips,Australia,AUS,2019,109622.553,sum of four quarters,Tourism Research Australia: Domestic Tourism Statistics
Overnight,All overnight,Trips,000 trips,Australia,AUS,2020,84428.888,sum of four quarters,Tourism Research Australia: Domestic Tourism Statistics
Overnight,All overnight,Trips,000 trips,Australia,AUS,2021,92030.466,sum of four quarters,Tourism Research Australia: Domestic Tourism Statistics
Overnight,All overnight,Trips,000 trips,Australia,AUS,2022,110481.501,sum of four quarters,Tourism Research Australia: Domestic Tourism Statistics
Overnight,All overnight,Trips,000 trips,Australia,AUS,2023,113111.444,sum of four quarters,Tourism Research Australia: Domestic Tourism Statistics
Overnight,All overnight,Trips,000 trips,Australia,AUS,2024,112774.305,sum of four quarters,Tourism Research Australia: Domestic Tourism Statistics
Overnight,All overnight,Trips,000 trips,New South Wales,NSW,2019,39061.222,sum of four quarters,Tourism Research Australia: Domestic Tourism Statistics
Overnight,All overnight,Trips,000 trips,New South Wales,NSW,2020,29959.132,sum of four quarters,Tourism Research Australia: Domestic Tourism Statistics
Overnight,All overnight,Trips,000 trips,New South Wales,NSW,2021,28169.315,sum of four quarters,Tourism Research Australia: Domestic Tourism Statistics
Overnight,All overnight,Trips,000 trips,New South Wales,NSW,2022,37973.257,sum of four quarters,Tourism Research Australia: Domestic Tourism Statistics
Overnight,All overnight,Trips,000 trips,New South Wales,NSW,2023,39613.188,sum of four quarters,Tourism Research Australia: Domestic Tourism Statistics
Overnight,All overnight,Trips,000 trips,New South Wales,NSW,2024,39380.439,sum of four quarters,Tourism Research Australia: Domestic Tourism Statistics
Overnight,All overnight,Trips,000 trips,Victoria,VIC,2019,31170.958,sum of four quarters,Tourism Research Australia: Domestic Tourism Statistics
Overnight,All overnight,Trips,000 trips,Victoria,VIC,2020,19360.549,sum of four quarters,Tourism Research Australia: Domestic Tourism Statistics
Overnight,All overnight,Trips,000 trips,Victoria,VIC,2021,23198.622,sum of four quarters,Tourism Research Australia: Domestic Tourism Statistics
Overnight,All overnight,Trips,000 trips,Victoria,VIC,2022,30541.646,sum of four quarters,Tourism Research Australia: Domestic Tourism Statistics
Overnight,All overnight,Trips,000 trips,Victoria,VIC,2023,31138.333,sum of four quarters,Tourism Research Australia: Domestic Tourism Statistics
Overnight,All overnight,Trips,000 trips,Victoria,VIC,2024,31287.991,sum of four quarters,Tourism Research Australia: Domestic Tourism Statistics
Overnight,All overnight,Trips,000 trips,Queensland,QLD,2019,24741.501,sum of four quarters,Tourism Research Australia: Domestic Tourism Statistics
Overnight,All overnight,Trips,000 trips,Queensland,QLD,2020,19966.928,sum of four quarters,Tourism Research Australia: Domestic Tourism Statistics
Overnight,All overnight,Trips,000 trips,Queensland,QLD,2021,22986.823,sum of four quarters,Tourism Research Australia: Domestic Tourism Statistics
Overnight,All overnight,Trips,000 trips,Queensland,QLD,2022,25793.091,sum of four quarters,Tourism Research Australia: Domestic Tourism Statistics
Overnight,All overnight,Trips,000 trips,Queensland,QLD,2023,26255.556,sum of four quarters,Tourism Research Australia: Domestic Tourism Statistics
Overnight,All overnight,Trips,000 trips,Queensland,QLD,2024,25902.081,sum of four quarters,Tourism Research Australia: Domestic Tourism Statistics
Overnight,All overnight,Trips,000 trips,South Australia,SA,2019,7107.796,sum of four quarters,Tourism Research Australia: Domestic Tourism Statistics
Overnight,All overnight,Trips,000 trips,South Australia,SA,2020,6097.229,sum of four quarters,Tourism Research Australia: Domestic Tourism Statistics
Overnight,All overnight,Trips,000 trips,South Australia,SA,2021,7129.703,sum of four quarters,Tourism Research Australia: Domestic Tourism Statistics
Overnight,All overnight,Trips,000 trips,South Australia,SA,2022,7621.913,sum of four quarters,Tourism Research Australia: Domestic Tourism Statistics
Overnight,All overnight,Trips,000 trips,South Australia,SA,2023,7749.508,sum of four quarters,Tourism Research Australia: Domestic Tourism Statistics
Overnight,All overnight,Trips,000 trips,South Australia,SA,2024,7898.007,sum of four quarters,Tourism Research Australia: Domestic Tourism Statistics
Overnight,All overnight,Trips,000 trips,Western Australia,WA,2019,8740.838,sum of four quarters,Tourism Research Australia: Domestic Tourism Statistics
Overnight,All overnight,Trips,000 trips,Western Australia,WA,2020,8107.388,sum of four quarters,Tourism Research Australia: Domestic Tourism Statistics
Overnight,All overnight,Trips,000 trips,Western Australia,WA,2021,9276.542,sum of four quarters,Tourism Research Australia: Domestic Tourism Statistics
Overnight,All overnight,Trips,000 trips,Western Australia,WA,2022,9507.025,sum of four quarters,Tourism Research Australia: Domestic Tourism Statistics
Overnight,All overnight,Trips,000 trips,Western Australia,WA,2023,9705.725,sum of four quarters,Tourism Research Australia: Domestic Tourism Statistics
Overnight,All overnight,Trips,000 trips,Western Australia,WA,2024,9729.545,sum of four quarters,Tourism Research Australia: Domestic Tourism Statistics
Overnight,All overnight,Trips,000 trips,Tasmania,TAS,2019,2587.769,sum of four quarters,Tourism Research Australia: Domestic Tourism Statistics
Overnight,All overnight,Trips,000 trips,Tasmania,TAS,2020,2046.275,sum of four quarters,Tourism Research Australia: Domestic Tourism Statistics
Overnight,All overnight,Trips,000 trips,Tasmania,TAS,2021,2592.416,sum of four quarters,Tourism Research Australia: Domestic Tourism Statistics
Overnight,All overnight,Trips,000 trips,Tasmania,TAS,2022,2897.862,sum of four quarters,Tourism Research Australia: Domestic Tourism Statistics
Overnight,All overnight,Trips,000 trips,Tasmania,TAS,2023,2941.503,sum of four quarters,Tourism Research Australia: Domestic Tourism Statistics
Overnight,All overnight,Trips,000 trips,Tasmania,TAS,2024,2986.155,sum of four quarters,Tourism Research Australia: Domestic Tourism Statistics
Overnight,All overnight,Trips,000 trips,Northern Territory,NT,2019,808.055,sum of four quarters,Tourism Research Australia: Domestic Tourism Statistics
Overnight,All overnight,Trips,000 trips,Northern Territory,NT,2020,443.576,sum of four quarters,Tourism Research Australia: Domestic Tourism Statistics
Overnight,All overnight,Trips,000 trips,Northern Territory,NT,2021,675.67,sum of four quarters,Tourism Research Australia: Domestic Tourism Statistics
Overnight,All overnight,Trips,000 trips,Northern Territory,NT,2022,910.854,sum of four quarters,Tourism Research Australia: Domestic Tourism Statistics
Overnight,All overnight,Trips,000 trips,Northern Territory,NT,2023,807.952,sum of four quarters,Tourism Research Australia: Domestic Tourism Statistics
Overnight,All overnight,Trips,000 trips,Northern Territory,NT,2024,843.943,sum of four quarters,Tourism Research Australia: Domestic Tourism Statistics
Overnight,All overnight,Trips,000 trips,ACT,ACT,2019,2357.978,sum of four quarters,Tourism Research Australia: Domestic Tourism Statistics
Overnight,All overnight,Trips,000 trips,ACT,ACT,2020,1498.176,sum of four quarters,Tourism Research Australia: Domestic Tourism Statistics
Overnight,All overnight,Trips,000 trips,ACT,ACT,2021,1454.414,sum of four quarters,Tourism Research Australia: Domestic Tourism Statistics
Overnight,All overnight,Trips,000 trips,ACT,ACT,2022,2288.804,sum of four quarters,Tourism Research Australia: Domestic Tourism Statistics
Overnight,All overnight,Trips,000 trips,ACT,ACT,2023,2262.024,sum of four quarters,Tourism Research Australia: Domestic Tourism Statistics
Overnight,All overnight,Trips,000 trips,ACT,ACT,2024,2244.293,sum of four quarters,Tourism Research Australia: Domestic Tourism Statistics
Overnight,All overnight,Nights,000 nights,Australia,AUS,2019,354867.073,sum of four quarters,Tourism Research Australia: Domestic Tourism Statistics
Overnight,All overnight,Nights,000 nights,Australia,AUS,2020,284601.855,sum of four quarters,Tourism Research Australia: Domestic Tourism Statistics
Overnight,All overnight,Nights,000 nights,Australia,AUS,2021,320455.398,sum of four quarters,Tourism Research Australia: Domestic Tourism Statistics
Overnight,All overnight,Nights,000 nights,Australia,AUS,2022,392302.043,sum of four quarters,Tourism Research Australia: Domestic Tourism Statistics
Overnight,All overnight,Nights,000 nights,Australia,AUS,2023,383789.176,sum of four quarters,Tourism Research Australia: Domestic Tourism Statistics
Overnight,All overnight,Nights,000 nights,Australia,AUS,2024,382598.394,sum of four quarters,Tourism Research Australia: Domestic Tourism Statistics
Overnight,All overnight,Nights,000 nights,New South Wales,NSW,2019,115392.848,sum of four quarters,Tourism Research Australia: Domestic Tourism Statistics
Overnight,All overnight,Nights,000 nights,New South Wales,NSW,2020,95186.259,sum of four quarters,Tourism Research Australia: Domestic Tourism Statistics
Overnight,All overnight,Nights,000 nights,New South Wales,NSW,2021,92056.364,sum of four quarters,Tourism Research Australia: Domestic Tourism Statistics
Overnight,All overnight,Nights,000 nights,New South Wales,NSW,2022,120403.449,sum of four quarters,Tourism Research Australia: Domestic Tourism Statistics
Overnight,All overnight,Nights,000 nights,New South Wales,NSW,2023,120596.705,sum of four quarters,Tourism Research Australia: Domestic Tourism Statistics
Overnight,All overnight,Nights,000 nights,New South Wales,NSW,2024,118578.59,sum of four quarters,Tourism Research Australia: Domestic Tourism Statistics
Overnight,All overnight,Nights,000 nights,Victoria,VIC,2019,84466.818,sum of four quarters,Tourism Research Australia: Domestic Tourism Statistics
Overnight,All overnight,Nights,000 nights,Victoria,VIC,2020,57592.594,sum of four quarters,Tourism Research Australia: Domestic Tourism Statistics
Overnight,All overnight,Nights,000 nights,Victoria,VIC,2021,69378.839,sum of four quarters,Tourism Research Australia: Domestic Tourism Statistics
Overnight,All overnight,Nights,000 nights,Victoria,VIC,2022,89205.581,sum of four quarters,Tourism Research Australia: Domestic Tourism Statistics
Overnight,All overnight,Nights,000 nights,Victoria,VIC,2023,87506.332,sum of four quarters,Tourism Research Australia: Domestic Tourism Statistics
Overnight,All overnight,Nights,000 nights,Victoria,VIC,2024,89098.557,sum of four quarters,Tourism Research Australia: Domestic Tourism Statistics
Overnight,All overnight,Nights,000 nights,Queensland,QLD,2019,84636.732,sum of four quarters,Tourism Research Australia: Domestic Tourism Statistics
Overnight,All overnight,Nights,000 nights,Queensland,QLD,2020,70245.019,sum of four quarters,Tourism Research Australia: Domestic Tourism Statistics
Overnight,All overnight,Nights,000 nights,Queensland,QLD,2021,84206.575,sum of four quarters,Tourism Research Australia: Domestic Tourism Statistics
Overnight,All overnight,Nights,000 nights,Queensland,QLD,2022,99487.516,sum of four quarters,Tourism Research Australia: Domestic Tourism Statistics
Overnight,All overnight,Nights,000 nights,Queensland,QLD,2023,94917.635,sum of four quarters,Tourism Research Australia: Domestic Tourism Statistics
Overnight,All overnight,Nights,000 nights,Queensland,QLD,2024,93135.806,sum of four quarters,Tourism Research Australia: Domestic Tourism Statistics
Overnight,All overnight,Nights,000 nights,South Australia,SA,2019,22425.305,sum of four quarters,Tourism Research Australia: Domestic Tourism Statistics
Overnight,All overnight,Nights,000 nights,South Australia,SA,2020,19930.027,sum of four quarters,Tourism Research Australia: Domestic Tourism Statistics
Overnight,All overnight,Nights,000 nights,South Australia,SA,2021,23803.324,sum of four quarters,Tourism Research Australia: Domestic Tourism Statistics
Overnight,All overnight,Nights,000 nights,South Australia,SA,2022,26215.497,sum of four quarters,Tourism Research Australia: Domestic Tourism Statistics
Overnight,All overnight,Nights,000 nights,South Australia,SA,2023,25541.123,sum of four quarters,Tourism Research Australia: Domestic Tourism Statistics
Overnight,All overnight,Nights,000 nights,South Australia,SA,2024,25979.3,sum of four quarters,Tourism Research Australia: Domestic Tourism Statistics
Overnight,All overnight,Nights,000 nights,Western Australia,WA,2019,28839.776,sum of four quarters,Tourism Research Australia: Domestic Tourism Statistics
Overnight,All overnight,Nights,000 nights,Western Australia,WA,2020,28186.418,sum of four quarters,Tourism Research Australia: Domestic Tourism Statistics
Overnight,All overnight,Nights,000 nights,Western Australia,WA,2021,33615.727,sum of four quarters,Tourism Research Australia: Domestic Tourism Statistics
Overnight,All overnight,Nights,000 nights,Western Australia,WA,2022,35105.716,sum of four quarters,Tourism Research Australia: Domestic Tourism Statistics
Overnight,All overnight,Nights,000 nights,Western Australia,WA,2023,34834.904,sum of four quarters,Tourism Research Australia: Domestic Tourism Statistics
Overnight,All overnight,Nights,000 nights,Western Australia,WA,2024,35063.257,sum of four quarters,Tourism Research Australia: Domestic Tourism Statistics
Overnight,All overnight,Nights,000 nights,Tasmania,TAS,2019,9276.26,sum of four quarters,Tourism Research Australia: Domestic Tourism Statistics
Overnight,All overnight,Nights,000 nights,Tasmania,TAS,2020,6913.37,sum of four quarters,Tourism Research Australia: Domestic Tourism Statistics
Overnight,All overnight,Nights,000 nights,Tasmania,TAS,2021,9276.807,sum of four quarters,Tourism Research Australia: Domestic Tourism Statistics
Overnight,All overnight,Nights,000 nights,Tasmania,TAS,2022,10896.072,sum of four quarters,Tourism Research Australia: Domestic Tourism Statistics
Overnight,All overnight,Nights,000 nights,Tasmania,TAS,2023,10393.874,sum of four quarters,Tourism Research Australia: Domestic Tourism Statistics
Overnight,All overnight,Nights,000 nights,Tasmania,TAS,2024,10546.748,sum of four quarters,Tourism Research Australia: Domestic Tourism Statistics
Overnight,All overnight,Nights,000 nights,Northern Territory,NT,2019,3535.22,sum of four quarters,Tourism Research Australia: Domestic Tourism Statistics
Overnight,All overnight,Nights,000 nights,Northern Territory,NT,2020,1968.289,sum of four quarters,Tourism Research Australia: Domestic Tourism Statistics
Overnight,All overnight,Nights,000 nights,Northern Territory,NT,2021,3554.486,sum of four quarters,Tourism Research Australia: Domestic Tourism Statistics
Overnight,All overnight,Nights,000 nights,Northern Territory,NT,2022,4368.652,sum of four quarters,Tourism Research Australia: Domestic Tourism Statistics
Overnight,All overnight,Nights,000 nights,Northern Territory,NT,2023,3656.694,sum of four quarters,Tourism Research Australia: Domestic Tourism Statistics
Overnight,All overnight,Nights,000 nights,Northern Territory,NT,2024,3799.242,sum of four quarters,Tourism Research Australia: Domestic Tourism Statistics
Overnight,All overnight,Nights,000 nights,ACT,ACT,2019,6294.114,sum of four quarters,Tourism Research Australia: Domestic Tourism Statistics
Overnight,All overnight,Nights,000 nights,ACT,ACT,2020,4579.879,sum of four quarters,Tourism Research Australia: Domestic Tourism Statistics
Overnight,All overnight,Nights,000 nights,ACT,ACT,2021,4563.276,sum of four quarters,Tourism Research Australia: Domestic Tourism Statistics
Overnight,All overnight,Nights,000 nights,ACT,ACT,2022,6619.56,sum of four quarters,Tourism Research Australia: Domestic Tourism Statistics
Overnight,All overnight,Nights,000 nights,ACT,ACT,2023,6341.909,sum of four quarters,Tourism Research Australia: Domestic Tourism Statistics
Overnight,All overnight,Nights,000 nights,ACT,ACT,2024,6396.894,sum of four quarters,Tourism Research Australia: Domestic Tourism Statistics
Overnight,All overnight,Spend,AUD millions,Australia,AUS,2019,70104.0,sum of four quarters,Tourism Research Australia: Domestic Tourism Statistics
Overnight,All overnight,Spend,AUD millions,Australia,AUS,2020,47648.0,sum of four quarters,Tourism Research Australia: Domestic Tourism Statistics
Overnight,All overnight,Spend,AUD millions,Australia,AUS,2021,62696.0,sum of four quarters,Tourism Research Australia: Domestic Tourism Statistics
Overnight,All overnight,Spend,AUD millions,Australia,AUS,2022,101492.0,sum of four quarters,Tourism Research Australia: Domestic Tourism Statistics
Overnight,All overnight,Spend,AUD millions,Australia,AUS,2023,106886.0,sum of four quarters,Tourism Research Australia: Domestic Tourism Statistics
Overnight,All overnight,Spend,AUD millions,Australia,AUS,2024,108832.0,sum of four quarters,Tourism Research Australia: Domestic Tourism Statistics
Overnight,All overnight,Spend,AUD millions,New South Wales,NSW,2019,22080.0,sum of four quarters,Tourism Research Australia: Domestic Tourism Statistics
Overnight,All overnight,Spend,AUD millions,New South Wales,NSW,2020,15481.0,sum of four quarters,Tourism Research Australia: Domestic Tourism Statistics
Overnight,All overnight,Spend,AUD millions,New South Wales,NSW,2021,16434.0,sum of four quarters,Tourism Research Australia: Domestic Tourism Statistics
Overnight,All overnight,Spend,AUD millions,New South Wales,NSW,2022,30038.0,sum of four quarters,Tourism Research Australia: Domestic Tourism Statistics
Overnight,All overnight,Spend,AUD millions,New South Wales,NSW,2023,31165.0,sum of four quarters,Tourism Research Australia: Domestic Tourism Statistics
Overnight,All overnight,Spend,AUD millions,New South Wales,NSW,2024,31361.0,sum of four quarters,Tourism Research Australia: Domestic Tourism Statistics
Overnight,All overnight,Spend,AUD millions,Victoria,VIC,2019,16036.0,sum of four quarters,Tourism Research Australia: Domestic Tourism Statistics
Overnight,All overnight,Spend,AUD millions,Victoria,VIC,2020,7828.0,sum of four quarters,Tourism Research Australia: Domestic Tourism Statistics
Overnight,All overnight,Spend,AUD millions,Victoria,VIC,2021,11321.0,sum of four quarters,Tourism Research Australia: Domestic Tourism Statistics
Overnight,All overnight,Spend,AUD millions,Victoria,VIC,2022,21850.0,sum of four quarters,Tourism Research Australia: Domestic Tourism Statistics
Overnight,All overnight,Spend,AUD millions,Victoria,VIC,2023,22601.0,sum of four quarters,Tourism Research Australia: Domestic Tourism Statistics
Overnight,All overnight,Spend,AUD millions,Victoria,VIC,2024,24202.0,sum of four quarters,Tourism Research Australia: Domestic Tourism Statistics
Overnight,All overnight,Spend,AUD millions,Queensland,QLD,2019,16274.0,sum of four quarters,Tourism Research Australia: Domestic Tourism Statistics
Overnight,All overnight,Spend,AUD millions,Queensland,QLD,2020,12432.0,sum of four quarters,Tourism Research Australia: Domestic Tourism Statistics
Overnight,All overnight,Spend,AUD millions,Queensland,QLD,2021,17413.0,sum of four quarters,Tourism Research Australia: Domestic Tourism Statistics
Overnight,All overnight,Spend,AUD millions,Queensland,QLD,2022,26430.0,sum of four quarters,Tourism Research Australia: Domestic Tourism Statistics
Overnight,All overnight,Spend,AUD millions,Queensland,QLD,2023,28075.0,sum of four quarters,Tourism Research Australia: Domestic Tourism Statistics
Overnight,All overnight,Spend,AUD millions,Queensland,QLD,2024,28061.0,sum of four quarters,Tourism Research Australia: Domestic Tourism Statistics
Overnight,All overnight,Spend,AUD millions,South Australia,SA,2019,4203.0,sum of four quarters,Tourism Research Australia: Domestic Tourism Statistics
Overnight,All overnight,Spend,AUD millions,South Australia,SA,2020,2997.0,sum of four quarters,Tourism Research Australia: Domestic Tourism Statistics
Overnight,All overnight,Spend,AUD millions,South Australia,SA,2021,4693.0,sum of four quarters,Tourism Research Australia: Domestic Tourism Statistics
Overnight,All overnight,Spend,AUD millions,South Australia,SA,2022,5994.0,sum of four quarters,Tourism Research Australia: Domestic Tourism Statistics
Overnight,All overnight,Spend,AUD millions,South Australia,SA,2023,6581.0,sum of four quarters,Tourism Research Australia: Domestic Tourism Statistics
Overnight,All overnight,Spend,AUD millions,South Australia,SA,2024,6781.0,sum of four quarters,Tourism Research Australia: Domestic Tourism Statistics
Overnight,All overnight,Spend,AUD millions,Western Australia,WA,2019,7268.0,sum of four quarters,Tourism Research Australia: Domestic Tourism Statistics
Overnight,All overnight,Spend,AUD millions,Western Australia,WA,2020,6405.0,sum of four quarters,Tourism Research Australia: Domestic Tourism Statistics
Overnight,All overnight,Spend,AUD millions,Western Australia,WA,2021,9069.0,sum of four quarters,Tourism Research Australia: Domestic Tourism Statistics
Overnight,All overnight,Spend,AUD millions,Western Australia,WA,2022,11145.0,sum of four quarters,Tourism Research Australia: Domestic Tourism Statistics
Overnight,All overnight,Spend,AUD millions,Western Australia,WA,2023,12159.0,sum of four quarters,Tourism Research Australia: Domestic Tourism Statistics
Overnight,All overnight,Spend,AUD millions,Western Australia,WA,2024,11557.0,sum of four quarters,Tourism Research Australia: Domestic Tourism Statistics
Overnight,All overnight,Spend,AUD millions,Tasmania,TAS,2019,2051.0,sum of four quarters,Tourism Research Australia: Domestic Tourism Statistics
Overnight,All overnight,Spend,AUD millions,Tasmania,TAS,2020,1178.0,sum of four quarters,Tourism Research Australia: Domestic Tourism Statistics
Overnight,All overnight,Spend,AUD millions,Tasmania,TAS,2021,2107.0,sum of four quarters,Tourism Research Australia: Domestic Tourism Statistics
Overnight,All overnight,Spend,AUD millions,Tasmania,TAS,2022,3016.0,sum of four quarters,Tourism Research Australia: Domestic Tourism Statistics
Overnight,All overnight,Spend,AUD millions,Tasmania,TAS,2023,3238.0,sum of four quarters,Tourism Research Australia: Domestic Tourism Statistics
Overnight,All overnight,Spend,AUD millions,Tasmania,TAS,2024,3179.0,sum of four quarters,Tourism Research Australia: Domestic Tourism Statistics
Overnight,All overnight,Spend,AUD millions,Northern Territory,NT,2019,730.0,sum of four quarters,Tourism Research Australia: Domestic Tourism Statistics
Overnight,All overnight,Spend,AUD millions,Northern Territory,NT,2020,348.0,sum of four quarters,Tourism Research Australia: Domestic Tourism Statistics
Overnight,All overnight,Spend,AUD millions,Northern Territory,NT,2021,749.0,sum of four quarters,Tourism Research Australia: Domestic Tourism Statistics
Overnight,All overnight,Spend,AUD millions,Northern Territory,NT,2022,1153.0,sum of four quarters,Tourism Research Australia: Domestic Tourism Statistics
Overnight,All overnight,Spend,AUD millions,Northern Territory,NT,2023,1177.0,sum of four quarters,Tourism Research Australia: Domestic Tourism Statistics
Overnight,All overnight,Spend,AUD millions,Northern Territory,NT,2024,1202.0,sum of four quarters,Tourism Research Australia: Domestic Tourism Statistics
Overnight,All overnight,Spend,AUD millions,ACT,ACT,2019,1464.0,sum of four quarters,Tourism Research Australia: Domestic Tourism Statistics
Overnight,All overnight,Spend,AUD millions,ACT,ACT,2020,980.0,sum of four quarters,Tourism Research Australia: Domestic Tourism Statistics
Overnight,All overnight,Spend,AUD millions,ACT,ACT,2021,911.0,sum of four quarters,Tourism Research Australia: Domestic Tourism Statistics
Overnight,All overnight,Spend,AUD millions,ACT,ACT,2022,1864.0,sum of four quarters,Tourism Research Australia: Domestic Tourism Statistics
Overnight,All overnight,Spend,AUD millions,ACT,ACT,2023,1890.0,sum of four quarters,Tourism Research Australia: Domestic Tourism Statistics
Overnight,All overnight,Spend,AUD millions,ACT,ACT,2024,2489.0,sum of four quarters,Tourism Research Australia: Domestic Tourism Statistics
Overnight,Interstate,Trips,000 trips,Australia,AUS,2019,26705.274,sum of four quarters,Tourism Research Australia: Domestic Tourism Statistics
Overnight,Interstate,Trips,000 trips,Australia,AUS,2020,12054.0,sum of four quarters,Tourism Research Australia: Domestic Tourism Statistics
Overnight,Interstate,Trips,000 trips,Australia,AUS,2021,13304.473,sum of four quarters,Tourism Research Australia: Domestic Tourism Statistics
Overnight,Interstate,Trips,000 trips,Australia,AUS,2022,25807.718,sum of four quarters,Tourism Research Australia: Domestic Tourism Statistics
Overnight,Interstate,Trips,000 trips,Australia,AUS,2023,27420.086,sum of four quarters,Tourism Research Australia: Domestic Tourism Statistics
Overnight,Interstate,Trips,000 trips,Australia,AUS,2024,28108.636,sum of four quarters,Tourism Research Australia: Domestic Tourism Statistics
Overnight,Interstate,Trips,000 trips,New South Wales,NSW,2019,9957.154,sum of four quarters,Tourism Research Australia: Domestic Tourism Statistics
Overnight,Interstate,Trips,000 trips,New South Wales,NSW,2020,5119.08,sum of four quarters,Tourism Research Australia: Domestic Tourism Statistics
Overnight,Interstate,Trips,000 trips,New South Wales,NSW,2021,5172.892,sum of four quarters,Tourism Research Australia: Domestic Tourism Statistics
Overnight,Interstate,Trips,000 trips,New South Wales,NSW,2022,9124.57,sum of four quarters,Tourism Research Australia: Domestic Tourism Statistics
Overnight,Interstate,Trips,000 trips,New South Wales,NSW,2023,10071.734,sum of four quarters,Tourism Research Australia: Domestic Tourism Statistics
Overnight,Interstate,Trips,000 trips,New South Wales,NSW,2024,10306.866,sum of four quarters,Tourism Research Australia: Domestic Tourism Statistics
Overnight,Interstate,Trips,000 trips,Victoria,VIC,2019,6014.622,sum of four quarters,Tourism Research Australia: Domestic Tourism Statistics
Overnight,Interstate,Trips,000 trips,Victoria,VIC,2020,2123.996,sum of four quarters,Tourism Research Australia: Domestic Tourism Statistics
Overnight,Interstate,Trips,000 trips,Victoria,VIC,2021,2144.63,sum of four quarters,Tourism Research Australia: Domestic Tourism Statistics
Overnight,Interstate,Trips,000 trips,Victoria,VIC,2022,5541.158,sum of four quarters,Tourism Research Australia: Domestic Tourism Statistics
Overnight,Interstate,Trips,000 trips,Victoria,VIC,2023,6058.221,sum of four quarters,Tourism Research Australia: Domestic Tourism Statistics
Overnight,Interstate,Trips,000 trips,Victoria,VIC,2024,6361.268,sum of four quarters,Tourism Research Australia: Domestic Tourism Statistics
Overnight,Interstate,Trips,000 trips,Queensland,QLD,2019,5890.738,sum of four quarters,Tourism Research Australia: Domestic Tourism Statistics
Overnight,Interstate,Trips,000 trips,Queensland,QLD,2020,2395.718,sum of four quarters,Tourism Research Australia: Domestic Tourism Statistics
Overnight,Interstate,Trips,000 trips,Queensland,QLD,2021,3014.644,sum of four quarters,Tourism Research Australia: Domestic Tourism Statistics
Overnight,Interstate,Trips,000 trips,Queensland,QLD,2022,6580.754,sum of four quarters,Tourism Research Australia: Domestic Tourism Statistics
Overnight,Interstate,Trips,000 trips,Queensland,QLD,2023,6542.168,sum of four quarters,Tourism Research Australia: Domestic Tourism Statistics
Overnight,Interstate,Trips,000 trips,Queensland,QLD,2024,6547.683,sum of four quarters,Tourism Research Australia: Domestic Tourism Statistics
Overnight,Interstate,Trips,000 trips,South Australia,SA,2019,1758.334,sum of four quarters,Tourism Research Australia: Domestic Tourism Statistics
Overnight,Interstate,Trips,000 trips,South Australia,SA,2020,730.486,sum of four quarters,Tourism Research Australia: Domestic Tourism Statistics
Overnight,Interstate,Trips,000 trips,South Australia,SA,2021,983.192,sum of four quarters,Tourism Research Australia: Domestic Tourism Statistics
Overnight,Interstate,Trips,000 trips,South Australia,SA,2022,1754.434,sum of four quarters,Tourism Research Australia: Domestic Tourism Statistics
Overnight,Interstate,Trips,000 trips,South Australia,SA,2023,1885.393,sum of four quarters,Tourism Research Australia: Domestic Tourism Statistics
Overnight,Interstate,Trips,000 trips,South Australia,SA,2024,1964.975,sum of four quarters,Tourism Research Australia: Domestic Tourism Statistics
Overnight,Interstate,Trips,000 trips,Western Australia,WA,2019,973.572,sum of four quarters,Tourism Research Australia: Domestic Tourism Statistics
Overnight,Interstate,Trips,000 trips,Western Australia,WA,2020,300.388,sum of four quarters,Tourism Research Australia: Domestic Tourism Statistics
Overnight,Interstate,Trips,000 trips,Western Australia,WA,2021,333.753,sum of four quarters,Tourism Research Australia: Domestic Tourism Statistics
Overnight,Interstate,Trips,000 trips,Western Australia,WA,2022,742.661,sum of four quarters,Tourism Research Australia: Domestic Tourism Statistics
Overnight,Interstate,Trips,000 trips,Western Australia,WA,2023,1028.32,sum of four quarters,Tourism Research Australia: Domestic Tourism Statistics
Overnight,Interstate,Trips,000 trips,Western Australia,WA,2024,1104.099,sum of four quarters,Tourism Research Australia: Domestic Tourism Statistics
Overnight,Interstate,Trips,000 trips,Tasmania,TAS,2019,965.95,sum of four quarters,Tourism Research Australia: Domestic Tourism Statistics
Overnight,Interstate,Trips,000 trips,Tasmania,TAS,2020,379.027,sum of four quarters,Tourism Research Australia: Domestic Tourism Statistics
Overnight,Interstate,Trips,000 trips,Tasmania,TAS,2021,562.261,sum of four quarters,Tourism Research Australia: Domestic Tourism Statistics
Overnight,Interstate,Trips,000 trips,Tasmania,TAS,2022,949.162,sum of four quarters,Tourism Research Australia: Domestic Tourism Statistics
Overnight,Interstate,Trips,000 trips,Tasmania,TAS,2023,965.556,sum of four quarters,Tourism Research Australia: Domestic Tourism Statistics
Overnight,Interstate,Trips,000 trips,Tasmania,TAS,2024,976.647,sum of four quarters,Tourism Research Australia: Domestic Tourism Statistics
Overnight,Interstate,Trips,000 trips,Northern Territory,NT,2019,542.63,sum of four quarters,Tourism Research Australia: Domestic Tourism Statistics
Overnight,Interstate,Trips,000 trips,Northern Territory,NT,2020,182.753,sum of four quarters,Tourism Research Australia: Domestic Tourism Statistics
Overnight,Interstate,Trips,000 trips,Northern Territory,NT,2021,364.423,sum of four quarters,Tourism Research Australia: Domestic Tourism Statistics
Overnight,Interstate,Trips,000 trips,Northern Territory,NT,2022,580.038,sum of four quarters,Tourism Research Australia: Domestic Tourism Statistics
Overnight,Interstate,Trips,000 trips,Northern Territory,NT,2023,472.748,sum of four quarters,Tourism Research Australia: Domestic Tourism Statistics
Overnight,Interstate,Trips,000 trips,Northern Territory,NT,2024,487.859,sum of four quarters,Tourism Research Australia: Domestic Tourism Statistics
Overnight,Interstate,Trips,000 trips,ACT,ACT,2019,2226.473,sum of four quarters,Tourism Research Australia: Domestic Tourism Statistics
Overnight,Interstate,Trips,000 trips,ACT,ACT,2020,1424.127,sum of four quarters,Tourism Research Australia: Domestic Tourism Statistics
Overnight,Interstate,Trips,000 trips,ACT,ACT,2021,1390.16,sum of four quarters,Tourism Research Australia: Domestic Tourism Statistics
Overnight,Interstate,Trips,000 trips,ACT,ACT,2022,2197.297,sum of four quarters,Tourism Research Australia: Domestic Tourism Statistics
Overnight,Interstate,Trips,000 trips,ACT,ACT,2023,2158.944,sum of four quarters,Tourism Research Australia: Domestic Tourism Statistics
Overnight,Interstate,Trips,000 trips,ACT,ACT,2024,2140.009,sum of four quarters,Tourism Research Australia: Domestic Tourism Statistics
Overnight,Interstate,Nights,000 nights,Australia,AUS,2019,115905.712,sum of four quarters,Tourism Research Australia: Domestic Tourism Statistics
Overnight,Interstate,Nights,000 nights,Australia,AUS,2020,57471.58,sum of four quarters,Tourism Research Australia: Domestic Tourism Statistics
Overnight,Interstate,Nights,000 nights,Australia,AUS,2021,70046.384,sum of four quarters,Tourism Research Australia: Domestic Tourism Statistics
Overnight,Interstate,Nights,000 nights,Australia,AUS,2022,126811.634,sum of four quarters,Tourism Research Australia: Domestic Tourism Statistics
Overnight,Interstate,Nights,000 nights,Australia,AUS,2023,126147.416,sum of four quarters,Tourism Research Australia: Domestic Tourism Statistics
Overnight,Interstate,Nights,000 nights,Australia,AUS,2024,125489.903,sum of four quarters,Tourism Research Australia: Domestic Tourism Statistics
Overnight,Interstate,Nights,000 nights,New South Wales,NSW,2019,35527.82,sum of four quarters,Tourism Research Australia: Domestic Tourism Statistics
Overnight,Interstate,Nights,000 nights,New South Wales,NSW,2020,19846.314,sum of four quarters,Tourism Research Australia: Domestic Tourism Statistics
Overnight,Interstate,Nights,000 nights,New South Wales,NSW,2021,20558.176,sum of four quarters,Tourism Research Australia: Domestic Tourism Statistics
Overnight,Interstate,Nights,000 nights,New South Wales,NSW,2022,35195.343,sum of four quarters,Tourism Research Australia: Domestic Tourism Statistics
Overnight,Interstate,Nights,000 nights,New South Wales,NSW,2023,37122.859,sum of four quarters,Tourism Research Australia: Domestic Tourism Statistics
Overnight,Interstate,Nights,000 nights,New South Wales,NSW,2024,36749.784,sum of four quarters,Tourism Research Australia: Domestic Tourism Statistics
Overnight,Interstate,Nights,000 nights,Victoria,VIC,2019,23273.851,sum of four quarters,Tourism Research Australia: Domestic Tourism Statistics
Overnight,Interstate,Nights,000 nights,Victoria,VIC,2020,9713.495,sum of four quarters,Tourism Research Australia: Domestic Tourism Statistics
Overnight,Interstate,Nights,000 nights,Victoria,VIC,2021,10278.741,sum of four quarters,Tourism Research Australia: Domestic Tourism Statistics
Overnight,Interstate,Nights,000 nights,Victoria,VIC,2022,23575.542,sum of four quarters,Tourism Research Australia: Domestic Tourism Statistics
Overnight,Interstate,Nights,000 nights,Victoria,VIC,2023,24333.302,sum of four quarters,Tourism Research Australia: Domestic Tourism Statistics
Overnight,Interstate,Nights,000 nights,Victoria,VIC,2024,25070.853,sum of four quarters,Tourism Research Australia: Domestic Tourism Statistics
Overnight,Interstate,Nights,000 nights,Queensland,QLD,2019,29418.25,sum of four quarters,Tourism Research Australia: Domestic Tourism Statistics
Overnight,Interstate,Nights,000 nights,Queensland,QLD,2020,13599.325,sum of four quarters,Tourism Research Australia: Domestic Tourism Statistics
Overnight,Interstate,Nights,000 nights,Queensland,QLD,2021,19441.422,sum of four quarters,Tourism Research Australia: Domestic Tourism Statistics
Overnight,Interstate,Nights,000 nights,Queensland,QLD,2022,37864.079,sum of four quarters,Tourism Research Australia: Domestic Tourism Statistics
Overnight,Interstate,Nights,000 nights,Queensland,QLD,2023,34478.871,sum of four quarters,Tourism Research Australia: Domestic Tourism Statistics
Overnight,Interstate,Nights,000 nights,Queensland,QLD,2024,33317.314,sum of four quarters,Tourism Research Australia: Domestic Tourism Statistics
Overnight,Interstate,Nights,000 nights,South Australia,SA,2019,7587.647,sum of four quarters,Tourism Research Australia: Domestic Tourism Statistics
Overnight,Interstate,Nights,000 nights,South Australia,SA,2020,3927.777,sum of four quarters,Tourism Research Australia: Domestic Tourism Statistics
Overnight,Interstate,Nights,000 nights,South Australia,SA,2021,5560.585,sum of four quarters,Tourism Research Australia: Domestic Tourism Statistics
Overnight,Interstate,Nights,000 nights,South Australia,SA,2022,8782.341,sum of four quarters,Tourism Research Australia: Domestic Tourism Statistics
Overnight,Interstate,Nights,000 nights,South Australia,SA,2023,8750.418,sum of four quarters,Tourism Research Australia: Domestic Tourism Statistics
Overnight,Interstate,Nights,000 nights,South Australia,SA,2024,8861.627,sum of four quarters,Tourism Research Australia: Domestic Tourism Statistics
Overnight,Interstate,Nights,000 nights,Western Australia,WA,2019,6228.158,sum of four quarters,Tourism Research Australia: Domestic Tourism Statistics
Overnight,Interstate,Nights,000 nights,Western Australia,WA,2020,2428.01,sum of four quarters,Tourism Research Australia: Domestic Tourism Statistics
Overnight,Interstate,Nights,000 nights,Western Australia,WA,2021,3222.499,sum of four quarters,Tourism Research Australia: Domestic Tourism Statistics
Overnight,Interstate,Nights,000 nights,Western Australia,WA,2022,5723.231,sum of four quarters,Tourism Research Australia: Domestic Tourism Statistics
Overnight,Interstate,Nights,000 nights,Western Australia,WA,2023,7290.559,sum of four quarters,Tourism Research Australia: Domestic Tourism Statistics
Overnight,Interstate,Nights,000 nights,Western Australia,WA,2024,7275.483,sum of four quarters,Tourism Research Australia: Domestic Tourism Statistics
Overnight,Interstate,Nights,000 nights,Tasmania,TAS,2019,5145.382,sum of four quarters,Tourism Research Australia: Domestic Tourism Statistics
Overnight,Interstate,Nights,000 nights,Tasmania,TAS,2020,2440.212,sum of four quarters,Tourism Research Australia: Domestic Tourism Statistics
Overnight,Interstate,Nights,000 nights,Tasmania,TAS,2021,4018.01,sum of four quarters,Tourism Research Australia: Domestic Tourism Statistics
Overnight,Interstate,Nights,000 nights,Tasmania,TAS,2022,5871.094,sum of four quarters,Tourism Research Australia: Domestic Tourism Statistics
Overnight,Interstate,Nights,000 nights,Tasmania,TAS,2023,5390.015,sum of four quarters,Tourism Research Australia: Domestic Tourism Statistics
Overnight,Interstate,Nights,000 nights,Tasmania,TAS,2024,5281.525,sum of four quarters,Tourism Research Australia: Domestic Tourism Statistics
Overnight,Interstate,Nights,000 nights,Northern Territory,NT,2019,2828.836,sum of four quarters,Tourism Research Australia: Domestic Tourism Statistics
Overnight,Interstate,Nights,000 nights,Northern Territory,NT,2020,1163.946,sum of four quarters,Tourism Research Australia: Domestic Tourism Statistics
Overnight,Interstate,Nights,000 nights,Northern Territory,NT,2021,2612.918,sum of four quarters,Tourism Research Australia: Domestic Tourism Statistics
Overnight,Interstate,Nights,000 nights,Northern Territory,NT,2022,3464.298,sum of four quarters,Tourism Research Australia: Domestic Tourism Statistics
Overnight,Interstate,Nights,000 nights,Northern Territory,NT,2023,2751.769,sum of four quarters,Tourism Research Australia: Domestic Tourism Statistics
Overnight,Interstate,Nights,000 nights,Northern Territory,NT,2024,2853.057,sum of four quarters,Tourism Research Australia: Domestic Tourism Statistics
Overnight,Interstate,Nights,000 nights,ACT,ACT,2019,5895.768,sum of four quarters,Tourism Research Australia: Domestic Tourism Statistics
Overnight,Interstate,Nights,000 nights,ACT,ACT,2020,4352.501,sum of four quarters,Tourism Research Australia: Domestic Tourism Statistics
Overnight,Interstate,Nights,000 nights,ACT,ACT,2021,4354.033,sum of four quarters,Tourism Research Australia: Domestic Tourism Statistics
Overnight,Interstate,Nights,000 nights,ACT,ACT,2022,6335.706,sum of four quarters,Tourism Research Australia: Domestic Tourism Statistics
Overnight,Interstate,Nights,000 nights,ACT,ACT,2023,6029.623,sum of four quarters,Tourism Research Australia: Domestic Tourism Statistics
Overnight,Interstate,Nights,000 nights,ACT,ACT,2024,6080.26,sum of four quarters,Tourism Research Australia: Domestic Tourism Statistics
Overnight,Interstate,Spend,AUD millions,Australia,AUS,2019,32121.015,sum of four quarters,Tourism Research Australia: Domestic Tourism Statistics
Overnight,Interstate,Spend,AUD millions,Australia,AUS,2020,13245.766,sum of four quarters,Tourism Research Australia: Domestic Tourism Statistics
Overnight,Interstate,Spend,AUD millions,Australia,AUS,2021,18766.271,sum of four quarters,Tourism Research Australia: Domestic Tourism Statistics
Overnight,Interstate,Spend,AUD millions,Australia,AUS,2022,44325.652,sum of four quarters,Tourism Research Australia: Domestic Tourism Statistics
Overnight,Interstate,Spend,AUD millions,Australia,AUS,2023,46355.238,sum of four quarters,Tourism Research Australia: Domestic Tourism Statistics
Overnight,Interstate,Spend,AUD millions,Australia,AUS,2024,47852.632,sum of four quarters,Tourism Research Australia: Domestic Tourism Statistics
Overnight,Interstate,Spend,AUD millions,New South Wales,NSW,2019,8974.804,sum of four quarters,Tourism Research Australia: Domestic Tourism Statistics
Overnight,Interstate,Spend,AUD millions,New South Wales,NSW,2020,4099.306,sum of four quarters,Tourism Research Australia: Domestic Tourism Statistics
Overnight,Interstate,Spend,AUD millions,New South Wales,NSW,2021,4661.158,sum of four quarters,Tourism Research Australia: Domestic Tourism Statistics
Overnight,Interstate,Spend,AUD millions,New South Wales,NSW,2022,10999.562,sum of four quarters,Tourism Research Australia: Domestic Tourism Statistics
Overnight,Interstate,Spend,AUD millions,New South Wales,NSW,2023,11670.768,sum of four quarters,Tourism Research Australia: Domestic Tourism Statistics
Overnight,Interstate,Spend,AUD millions,New South Wales,NSW,2024,11614.97,sum of four quarters,Tourism Research Australia: Domestic Tourism Statistics
Overnight,Interstate,Spend,AUD millions,Victoria,VIC,2019,7514.044,sum of four quarters,Tourism Research Australia: Domestic Tourism Statistics
Overnight,Interstate,Spend,AUD millions,Victoria,VIC,2020,2340.746,sum of four quarters,Tourism Research Australia: Domestic Tourism Statistics
Overnight,Interstate,Spend,AUD millions,Victoria,VIC,2021,2556.547,sum of four quarters,Tourism Research Australia: Domestic Tourism Statistics
Overnight,Interstate,Spend,AUD millions,Victoria,VIC,2022,9325.492,sum of four quarters,Tourism Research Australia: Domestic Tourism Statistics
Overnight,Interstate,Spend,AUD millions,Victoria,VIC,2023,9850.135,sum of four quarters,Tourism Research Australia: Domestic Tourism Statistics
Overnight,Interstate,Spend,AUD millions,Victoria,VIC,2024,10892.541,sum of four quarters,Tourism Research Australia: Domestic Tourism Statistics
Overnight,Interstate,Spend,AUD millions,Queensland,QLD,2019,7769.596,sum of four quarters,Tourism Research Australia: Domestic Tourism Statistics
Overnight,Interstate,Spend,AUD millions,Queensland,QLD,2020,3233.765,sum of four quarters,Tourism Research Australia: Domestic Tourism Statistics
Overnight,Interstate,Spend,AUD millions,Queensland,QLD,2021,5820.376,sum of four quarters,Tourism Research Australia: Domestic Tourism Statistics
Overnight,Interstate,Spend,AUD millions,Queensland,QLD,2022,12982.981,sum of four quarters,Tourism Research Australia: Domestic Tourism Statistics
Overnight,Interstate,Spend,AUD millions,Queensland,QLD,2023,13122.527,sum of four quarters,Tourism Research Australia: Domestic Tourism Statistics
Overnight,Interstate,Spend,AUD millions,Queensland,QLD,2024,12719.244,sum of four quarters,Tourism Research Australia: Domestic Tourism Statistics
Overnight,Interstate,Spend,AUD millions,South Australia,SA,2019,2193.685,sum of four quarters,Tourism Research Australia: Domestic Tourism Statistics
Overnight,Interstate,Spend,AUD millions,South Australia,SA,2020,1019.253,sum of four quarters,Tourism Research Australia: Domestic Tourism Statistics
Overnight,Interstate,Spend,AUD millions,South Australia,SA,2021,1845.559,sum of four quarters,Tourism Research Australia: Domestic Tourism Statistics
Overnight,Interstate,Spend,AUD millions,South Australia,SA,2022,3216.65,sum of four quarters,Tourism Research Australia: Domestic Tourism Statistics
Overnight,Interstate,Spend,AUD millions,South Australia,SA,2023,3283.331,sum of four quarters,Tourism Research Australia: Domestic Tourism Statistics
Overnight,Interstate,Spend,AUD millions,South Australia,SA,2024,3834.884,sum of four quarters,Tourism Research Australia: Domestic Tourism Statistics
Overnight,Interstate,Spend,AUD millions,Western Australia,WA,2019,2340.774,sum of four quarters,Tourism Research Australia: Domestic Tourism Statistics
Overnight,Interstate,Spend,AUD millions,Western Australia,WA,2020,853.494,sum of four quarters,Tourism Research Australia: Domestic Tourism Statistics
Overnight,Interstate,Spend,AUD millions,Western Australia,WA,2021,1146.013,sum of four quarters,Tourism Research Australia: Domestic Tourism Statistics
Overnight,Interstate,Spend,AUD millions,Western Australia,WA,2022,3034.418,sum of four quarters,Tourism Research Australia: Domestic Tourism Statistics
Overnight,Interstate,Spend,AUD millions,Western Australia,WA,2023,3645.611,sum of four quarters,Tourism Research Australia: Domestic Tourism Statistics
Overnight,Interstate,Spend,AUD millions,Western Australia,WA,2024,3318.728,sum of four quarters,Tourism Research Australia: Domestic Tourism Statistics
Overnight,Interstate,Spend,AUD millions,Tasmania,TAS,2019,1475.893,sum of four quarters,Tourism Research Australia: Domestic Tourism Statistics
Overnight,Interstate,Spend,AUD millions,Tasmania,TAS,2020,630.776,sum of four quarters,Tourism Research Australia: Domestic Tourism Statistics
Overnight,Interstate,Spend,AUD millions,Tasmania,TAS,2021,1374.775,sum of four quarters,Tourism Research Australia: Domestic Tourism Statistics
Overnight,Interstate,Spend,AUD millions,Tasmania,TAS,2022,2181.617,sum of four quarters,Tourism Research Australia: Domestic Tourism Statistics
Overnight,Interstate,Spend,AUD millions,Tasmania,TAS,2023,2248.156,sum of four quarters,Tourism Research Australia: Domestic Tourism Statistics
Overnight,Interstate,Spend,AUD millions,Tasmania,TAS,2024,2332.713,sum of four quarters,Tourism Research Australia: Domestic Tourism Statistics
Overnight,Interstate,Spend,AUD millions,Northern Territory,NT,2019,537.689,sum of four quarters,Tourism Research Australia: Domestic Tourism Statistics
Overnight,Interstate,Spend,AUD millions,Northern Territory,NT,2020,151.784,sum of four quarters,Tourism Research Australia: Domestic Tourism Statistics
Overnight,Interstate,Spend,AUD millions,Northern Territory,NT,2021,538.947,sum of four quarters,Tourism Research Australia: Domestic Tourism Statistics
Overnight,Interstate,Spend,AUD millions,Northern Territory,NT,2022,880.246,sum of four quarters,Tourism Research Australia: Domestic Tourism Statistics
Overnight,Interstate,Spend,AUD millions,Northern Territory,NT,2023,828.363,sum of four quarters,Tourism Research Australia: Domestic Tourism Statistics
Overnight,Interstate,Spend,AUD millions,Northern Territory,NT,2024,847.359,sum of four quarters,Tourism Research Australia: Domestic Tourism Statistics
Overnight,Interstate,Spend,AUD millions,ACT,ACT,2019,1314.53,sum of four quarters,Tourism Research Australia: Domestic Tourism Statistics
Overnight,Interstate,Spend,AUD millions,ACT,ACT,2020,916.645,sum of four quarters,Tourism Research Australia: Domestic Tourism Statistics
Overnight,Interstate,Spend,AUD millions,ACT,ACT,2021,822.895,sum of four quarters,Tourism Research Australia: Domestic Tourism Statistics
Overnight,Interstate,Spend,AUD millions,ACT,ACT,2022,1704.686,sum of four quarters,Tourism Research Australia: Domestic Tourism Statistics
Overnight,Interstate,Spend,AUD millions,ACT,ACT,2023,1706.346,sum of four quarters,Tourism Research Australia: Domestic Tourism Statistics
Overnight,Interstate,Spend,AUD millions,ACT,ACT,2024,2292.194,sum of four quarters,Tourism Research Australia: Domestic Tourism Statistics
Overnight,Intrastate,Trips,000 trips,Australia,AUS,2019,82917.279,sum of four quarters,Tourism Research Australia: Domestic Tourism Statistics
Overnight,Intrastate,Trips,000 trips,Australia,AUS,2020,72374.888,sum of four quarters,Tourism Research Australia: Domestic Tourism Statistics
Overnight,Intrastate,Trips,000 trips,Australia,AUS,2021,78725.993,sum of four quarters,Tourism Research Australia: Domestic Tourism Statistics
Overnight,Intrastate,Trips,000 trips,Australia,AUS,2022,84673.783,sum of four quarters,Tourism Research Australia: Domestic Tourism Statistics
Overnight,Intrastate,Trips,000 trips,Australia,AUS,2023,85691.358,sum of four quarters,Tourism Research Australia: Domestic Tourism Statistics
Overnight,Intrastate,Trips,000 trips,Australia,AUS,2024,84665.669,sum of four quarters,Tourism Research Australia: Domestic Tourism Statistics
Overnight,Intrastate,Trips,000 trips,New South Wales,NSW,2019,29104.068,sum of four quarters,Tourism Research Australia: Domestic Tourism Statistics
Overnight,Intrastate,Trips,000 trips,New South Wales,NSW,2020,24840.052,sum of four quarters,Tourism Research Australia: Domestic Tourism Statistics
Overnight,Intrastate,Trips,000 trips,New South Wales,NSW,2021,22996.423,sum of four quarters,Tourism Research Australia: Domestic Tourism Statistics
Overnight,Intrastate,Trips,000 trips,New South Wales,NSW,2022,28848.687,sum of four quarters,Tourism Research Australia: Domestic Tourism Statistics
Overnight,Intrastate,Trips,000 trips,New South Wales,NSW,2023,29541.454,sum of four quarters,Tourism Research Australia: Domestic Tourism Statistics
Overnight,Intrastate,Trips,000 trips,New South Wales,NSW,2024,29073.573,sum of four quarters,Tourism Research Australia: Domestic Tourism Statistics
Overnight,Intrastate,Trips,000 trips,Victoria,VIC,2019,25156.336,sum of four quarters,Tourism Research Australia: Domestic Tourism Statistics
Overnight,Intrastate,Trips,000 trips,Victoria,VIC,2020,17236.553,sum of four quarters,Tourism Research Australia: Domestic Tourism Statistics
Overnight,Intrastate,Trips,000 trips,Victoria,VIC,2021,21053.992,sum of four quarters,Tourism Research Australia: Domestic Tourism Statistics
Overnight,Intrastate,Trips,000 trips,Victoria,VIC,2022,25000.488,sum of four quarters,Tourism Research Australia: Domestic Tourism Statistics
Overnight,Intrastate,Trips,000 trips,Victoria,VIC,2023,25080.112,sum of four quarters,Tourism Research Australia: Domestic Tourism Statistics
Overnight,Intrastate,Trips,000 trips,Victoria,VIC,2024,24926.723,sum of four quarters,Tourism Research Australia: Domestic Tourism Statistics
Overnight,Intrastate,Trips,000 trips,Queensland,QLD,2019,18850.763,sum of four quarters,Tourism Research Australia: Domestic Tourism Statistics
Overnight,Intrastate,Trips,000 trips,Queensland,QLD,2020,17571.21,sum of four quarters,Tourism Research Australia: Domestic Tourism Statistics
Overnight,Intrastate,Trips,000 trips,Queensland,QLD,2021,19972.179,sum of four quarters,Tourism Research Australia: Domestic Tourism Statistics
Overnight,Intrastate,Trips,000 trips,Queensland,QLD,2022,19212.337,sum of four quarters,Tourism Research Australia: Domestic Tourism Statistics
Overnight,Intrastate,Trips,000 trips,Queensland,QLD,2023,19713.388,sum of four quarters,Tourism Research Australia: Domestic Tourism Statistics
Overnight,Intrastate,Trips,000 trips,Queensland,QLD,2024,19354.398,sum of four quarters,Tourism Research Australia: Domestic Tourism Statistics
Overnight,Intrastate,Trips,000 trips,South Australia,SA,2019,5349.462,sum of four quarters,Tourism Research Australia: Domestic Tourism Statistics
Overnight,Intrastate,Trips,000 trips,South Australia,SA,2020,5366.743,sum of four quarters,Tourism Research Australia: Domestic Tourism Statistics
Overnight,Intrastate,Trips,000 trips,South Australia,SA,2021,6146.511,sum of four quarters,Tourism Research Australia: Domestic Tourism Statistics
Overnight,Intrastate,Trips,000 trips,South Australia,SA,2022,5867.479,sum of four quarters,Tourism Research Australia: Domestic Tourism Statistics
Overnight,Intrastate,Trips,000 trips,South Australia,SA,2023,5864.115,sum of four quarters,Tourism Research Australia: Domestic Tourism Statistics
Overnight,Intrastate,Trips,000 trips,South Australia,SA,2024,5933.032,sum of four quarters,Tourism Research Australia: Domestic Tourism Statistics
Overnight,Intrastate,Trips,000 trips,Western Australia,WA,2019,7767.266,sum of four quarters,Tourism Research Australia: Domestic Tourism Statistics
Overnight,Intrastate,Trips,000 trips,Western Australia,WA,2020,7807.0,sum of four quarters,Tourism Research Australia: Domestic Tourism Statistics
Overnight,Intrastate,Trips,000 trips,Western Australia,WA,2021,8942.789,sum of four quarters,Tourism Research Australia: Domestic Tourism Statistics
Overnight,Intrastate,Trips,000 trips,Western Australia,WA,2022,8764.364,sum of four quarters,Tourism Research Australia: Domestic Tourism Statistics
Overnight,Intrastate,Trips,000 trips,Western Australia,WA,2023,8677.405,sum of four quarters,Tourism Research Australia: Domestic Tourism Statistics
Overnight,Intrastate,Trips,000 trips,Western Australia,WA,2024,8625.446,sum of four quarters,Tourism Research Australia: Domestic Tourism Statistics
Overnight,Intrastate,Trips,000 trips,Tasmania,TAS,2019,1621.819,sum of four quarters,Tourism Research Australia: Domestic Tourism Statistics
Overnight,Intrastate,Trips,000 trips,Tasmania,TAS,2020,1667.248,sum of four quarters,Tourism Research Australia: Domestic Tourism Statistics
Overnight,Intrastate,Trips,000 trips,Tasmania,TAS,2021,2030.155,sum of four quarters,Tourism Research Australia: Domestic Tourism Statistics
Overnight,Intrastate,Trips,000 trips,Tasmania,TAS,2022,1948.7,sum of four quarters,Tourism Research Australia: Domestic Tourism Statistics
Overnight,Intrastate,Trips,000 trips,Tasmania,TAS,2023,1975.947,sum of four quarters,Tourism Research Australia: Domestic Tourism Statistics
Overnight,Intrastate,Trips,000 trips,Tasmania,TAS,2024,2009.508,sum of four quarters,Tourism Research Australia: Domestic Tourism Statistics
Overnight,Intrastate,Trips,000 trips,Northern Territory,NT,2019,265.425,sum of four quarters,Tourism Research Australia: Domestic Tourism Statistics
Overnight,Intrastate,Trips,000 trips,Northern Territory,NT,2020,260.823,sum of four quarters,Tourism Research Australia: Domestic Tourism Statistics
Overnight,Intrastate,Trips,000 trips,Northern Territory,NT,2021,311.247,sum of four quarters,Tourism Research Australia: Domestic Tourism Statistics
Overnight,Intrastate,Trips,000 trips,Northern Territory,NT,2022,330.816,sum of four quarters,Tourism Research Australia: Domestic Tourism Statistics
Overnight,Intrastate,Trips,000 trips,Northern Territory,NT,2023,335.204,sum of four quarters,Tourism Research Australia: Domestic Tourism Statistics
Overnight,Intrastate,Trips,000 trips,Northern Territory,NT,2024,356.084,sum of four quarters,Tourism Research Australia: Domestic Tourism Statistics
Overnight,Intrastate,Trips,000 trips,ACT,ACT,2019,131.505,sum of four quarters,Tourism Research Australia: Domestic Tourism Statistics
Overnight,Intrastate,Trips,000 trips,ACT,ACT,2020,74.049,sum of four quarters,Tourism Research Australia: Domestic Tourism Statistics
Overnight,Intrastate,Trips,000 trips,ACT,ACT,2021,64.254,sum of four quarters,Tourism Research Australia: Domestic Tourism Statistics
Overnight,Intrastate,Trips,000 trips,ACT,ACT,2022,91.507,sum of four quarters,Tourism Research Australia: Domestic Tourism Statistics
Overnight,Intrastate,Trips,000 trips,ACT,ACT,2023,103.08,sum of four quarters,Tourism Research Australia: Domestic Tourism Statistics
Overnight,Intrastate,Trips,000 trips,ACT,ACT,2024,104.284,sum of four quarters,Tourism Research Australia: Domestic Tourism Statistics
Overnight,Intrastate,Nights,000 nights,Australia,AUS,2019,238961.361,sum of four quarters,Tourism Research Australia: Domestic Tourism Statistics
Overnight,Intrastate,Nights,000 nights,Australia,AUS,2020,227130.275,sum of four quarters,Tourism Research Australia: Domestic Tourism Statistics
Overnight,Intrastate,Nights,000 nights,Australia,AUS,2021,250409.014,sum of four quarters,Tourism Research Australia: Domestic Tourism Statistics
Overnight,Intrastate,Nights,000 nights,Australia,AUS,2022,265490.409,sum of four quarters,Tourism Research Australia: Domestic Tourism Statistics
Overnight,Intrastate,Nights,000 nights,Australia,AUS,2023,257641.76,sum of four quarters,Tourism Research Australia: Domestic Tourism Statistics
Overnight,Intrastate,Nights,000 nights,Australia,AUS,2024,257108.491,sum of four quarters,Tourism Research Australia: Domestic Tourism Statistics
Overnight,Intrastate,Nights,000 nights,New South Wales,NSW,2019,79865.028,sum of four quarters,Tourism Research Australia: Domestic Tourism Statistics
Overnight,Intrastate,Nights,000 nights,New South Wales,NSW,2020,75339.945,sum of four quarters,Tourism Research Australia: Domestic Tourism Statistics
Overnight,Intrastate,Nights,000 nights,New South Wales,NSW,2021,71498.188,sum of four quarters,Tourism Research Australia: Domestic Tourism Statistics
Overnight,Intrastate,Nights,000 nights,New South Wales,NSW,2022,85208.106,sum of four quarters,Tourism Research Australia: Domestic Tourism Statistics
Overnight,Intrastate,Nights,000 nights,New South Wales,NSW,2023,83473.846,sum of four quarters,Tourism Research Australia: Domestic Tourism Statistics
Overnight,Intrastate,Nights,000 nights,New South Wales,NSW,2024,81828.806,sum of four quarters,Tourism Research Australia: Domestic Tourism Statistics
Overnight,Intrastate,Nights,000 nights,Victoria,VIC,2019,61192.967,sum of four quarters,Tourism Research Australia: Domestic Tourism Statistics
Overnight,Intrastate,Nights,000 nights,Victoria,VIC,2020,47879.099,sum of four quarters,Tourism Research Australia: Domestic Tourism Statistics
Overnight,Intrastate,Nights,000 nights,Victoria,VIC,2021,59100.098,sum of four quarters,Tourism Research Australia: Domestic Tourism Statistics
Overnight,Intrastate,Nights,000 nights,Victoria,VIC,2022,65630.039,sum of four quarters,Tourism Research Australia: Domestic Tourism Statistics
Overnight,Intrastate,Nights,000 nights,Victoria,VIC,2023,63173.03,sum of four quarters,Tourism Research Australia: Domestic Tourism Statistics
Overnight,Intrastate,Nights,000 nights,Victoria,VIC,2024,64027.704,sum of four quarters,Tourism Research Australia: Domestic Tourism Statistics
Overnight,Intrastate,Nights,000 nights,Queensland,QLD,2019,55218.482,sum of four quarters,Tourism Research Australia: Domestic Tourism Statistics
Overnight,Intrastate,Nights,000 nights,Queensland,QLD,2020,56645.694,sum of four quarters,Tourism Research Australia: Domestic Tourism Statistics
Overnight,Intrastate,Nights,000 nights,Queensland,QLD,2021,64765.153,sum of four quarters,Tourism Research Australia: Domestic Tourism Statistics
Overnight,Intrastate,Nights,000 nights,Queensland,QLD,2022,61623.437,sum of four quarters,Tourism Research Australia: Domestic Tourism Statistics
Overnight,Intrastate,Nights,000 nights,Queensland,QLD,2023,60438.764,sum of four quarters,Tourism Research Australia: Domestic Tourism Statistics
Overnight,Intrastate,Nights,000 nights,Queensland,QLD,2024,59818.492,sum of four quarters,Tourism Research Australia: Domestic Tourism Statistics
Overnight,Intrastate,Nights,000 nights,South Australia,SA,2019,14837.658,sum of four quarters,Tourism Research Australia: Domestic Tourism Statistics
Overnight,Intrastate,Nights,000 nights,South Australia,SA,2020,16002.25,sum of four quarters,Tourism Research Australia: Domestic Tourism Statistics
Overnight,Intrastate,Nights,000 nights,South Australia,SA,2021,18242.739,sum of four quarters,Tourism Research Australia: Domestic Tourism Statistics
Overnight,Intrastate,Nights,000 nights,South Australia,SA,2022,17433.156,sum of four quarters,Tourism Research Australia: Domestic Tourism Statistics
Overnight,Intrastate,Nights,000 nights,South Australia,SA,2023,16790.705,sum of four quarters,Tourism Research Australia: Domestic Tourism Statistics
Overnight,Intrastate,Nights,000 nights,South Australia,SA,2024,17117.673,sum of four quarters,Tourism Research Australia: Domestic Tourism Statistics
Overnight,Intrastate,Nights,000 nights,Western Australia,WA,2019,22611.618,sum of four quarters,Tourism Research Australia: Domestic Tourism Statistics
Overnight,Intrastate,Nights,000 nights,Western Australia,WA,2020,25758.408,sum of four quarters,Tourism Research Australia: Domestic Tourism Statistics
Overnight,Intrastate,Nights,000 nights,Western Australia,WA,2021,30393.228,sum of four quarters,Tourism Research Australia: Domestic Tourism Statistics
Overnight,Intrastate,Nights,000 nights,Western Australia,WA,2022,29382.485,sum of four quarters,Tourism Research Australia: Domestic Tourism Statistics
Overnight,Intrastate,Nights,000 nights,Western Australia,WA,2023,27544.345,sum of four quarters,Tourism Research Australia: Domestic Tourism Statistics
Overnight,Intrastate,Nights,000 nights,Western Australia,WA,2024,27787.774,sum of four quarters,Tourism Research Australia: Domestic Tourism Statistics
Overnight,Intrastate,Nights,000 nights,Tasmania,TAS,2019,4130.878,sum of four quarters,Tourism Research Australia: Domestic Tourism Statistics
Overnight,Intrastate,Nights,000 nights,Tasmania,TAS,2020,4473.158,sum of four quarters,Tourism Research Australia: Domestic Tourism Statistics
Overnight,Intrastate,Nights,000 nights,Tasmania,TAS,2021,5258.797,sum of four quarters,Tourism Research Australia: Domestic Tourism Statistics
Overnight,Intrastate,Nights,000 nights,Tasmania,TAS,2022,5024.978,sum of four quarters,Tourism Research Australia: Domestic Tourism Statistics
Overnight,Intrastate,Nights,000 nights,Tasmania,TAS,2023,5003.859,sum of four quarters,Tourism Research Australia: Domestic Tourism Statistics
Overnight,Intrastate,Nights,000 nights,Tasmania,TAS,2024,5265.223,sum of four quarters,Tourism Research Australia: Domestic Tourism Statistics
Overnight,Intrastate,Nights,000 nights,Northern Territory,NT,2019,706.384,sum of four quarters,Tourism Research Australia: Domestic Tourism Statistics
Overnight,Intrastate,Nights,000 nights,Northern Territory,NT,2020,804.343,sum of four quarters,Tourism Research Australia: Domestic Tourism Statistics
Overnight,Intrastate,Nights,000 nights,Northern Territory,NT,2021,941.568,sum of four quarters,Tourism Research Australia: Domestic Tourism Statistics
Overnight,Intrastate,Nights,000 nights,Northern Territory,NT,2022,904.354,sum of four quarters,Tourism Research Australia: Domestic Tourism Statistics
Overnight,Intrastate,Nights,000 nights,Northern Territory,NT,2023,904.925,sum of four quarters,Tourism Research Australia: Domestic Tourism Statistics
Overnight,Intrastate,Nights,000 nights,Northern Territory,NT,2024,946.185,sum of four quarters,Tourism Research Australia: Domestic Tourism Statistics
Overnight,Intrastate,Nights,000 nights,ACT,ACT,2019,398.346,sum of four quarters,Tourism Research Australia: Domestic Tourism Statistics
Overnight,Intrastate,Nights,000 nights,ACT,ACT,2020,227.378,sum of four quarters,Tourism Research Australia: Domestic Tourism Statistics
Overnight,Intrastate,Nights,000 nights,ACT,ACT,2021,209.243,sum of four quarters,Tourism Research Australia: Domestic Tourism Statistics
Overnight,Intrastate,Nights,000 nights,ACT,ACT,2022,283.854,sum of four quarters,Tourism Research Australia: Domestic Tourism Statistics
Overnight,Intrastate,Nights,000 nights,ACT,ACT,2023,312.286,sum of four quarters,Tourism Research Australia: Domestic Tourism Statistics
Overnight,Intrastate,Nights,000 nights,ACT,ACT,2024,316.634,sum of four quarters,Tourism Research Australia: Domestic Tourism Statistics
Overnight,Intrastate,Spend,AUD millions,Australia,AUS,2019,37982.69,sum of four quarters,Tourism Research Australia: Domestic Tourism Statistics
Overnight,Intrastate,Spend,AUD millions,Australia,AUS,2020,34402.303,sum of four quarters,Tourism Research Australia: Domestic Tourism Statistics
Overnight,Intrastate,Spend,AUD millions,Australia,AUS,2021,43930.169,sum of four quarters,Tourism Research Australia: Domestic Tourism Statistics
Overnight,Intrastate,Spend,AUD millions,Australia,AUS,2022,57166.359,sum of four quarters,Tourism Research Australia: Domestic Tourism Statistics
Overnight,Intrastate,Spend,AUD millions,Australia,AUS,2023,60531.039,sum of four quarters,Tourism Research Australia: Domestic Tourism Statistics
Overnight,Intrastate,Spend,AUD millions,Australia,AUS,2024,60978.344,sum of four quarters,Tourism Research Australia: Domestic Tourism Statistics
Overnight,Intrastate,Spend,AUD millions,New South Wales,NSW,2019,13105.796,sum of four quarters,Tourism Research Australia: Domestic Tourism Statistics
Overnight,Intrastate,Spend,AUD millions,New South Wales,NSW,2020,11381.151,sum of four quarters,Tourism Research Australia: Domestic Tourism Statistics
Overnight,Intrastate,Spend,AUD millions,New South Wales,NSW,2021,11772.575,sum of four quarters,Tourism Research Australia: Domestic Tourism Statistics
Overnight,Intrastate,Spend,AUD millions,New South Wales,NSW,2022,19039.712,sum of four quarters,Tourism Research Australia: Domestic Tourism Statistics
Overnight,Intrastate,Spend,AUD millions,New South Wales,NSW,2023,19494.446,sum of four quarters,Tourism Research Australia: Domestic Tourism Statistics
Overnight,Intrastate,Spend,AUD millions,New South Wales,NSW,2024,19745.115,sum of four quarters,Tourism Research Australia: Domestic Tourism Statistics
Overnight,Intrastate,Spend,AUD millions,Victoria,VIC,2019,8521.409,sum of four quarters,Tourism Research Australia: Domestic Tourism Statistics
Overnight,Intrastate,Spend,AUD millions,Victoria,VIC,2020,5487.308,sum of four quarters,Tourism Research Australia: Domestic Tourism Statistics
Overnight,Intrastate,Spend,AUD millions,Victoria,VIC,2021,8764.783,sum of four quarters,Tourism Research Australia: Domestic Tourism Statistics
Overnight,Intrastate,Spend,AUD millions,Victoria,VIC,2022,12523.871,sum of four quarters,Tourism Research Australia: Domestic Tourism Statistics
Overnight,Intrastate,Spend,AUD millions,Victoria,VIC,2023,12750.312,sum of four quarters,Tourism Research Australia: Domestic Tourism Statistics
Overnight,Intrastate,Spend,AUD millions,Victoria,VIC,2024,13309.456,sum of four quarters,Tourism Research Australia: Domestic Tourism Statistics
Overnight,Intrastate,Spend,AUD millions,Queensland,QLD,2019,8503.626,sum of four quarters,Tourism Research Australia: Domestic Tourism Statistics
Overnight,Intrastate,Spend,AUD millions,Queensland,QLD,2020,9199.196,sum of four quarters,Tourism Research Australia: Domestic Tourism Statistics
Overnight,Intrastate,Spend,AUD millions,Queensland,QLD,2021,11593.003,sum of four quarters,Tourism Research Australia: Domestic Tourism Statistics
Overnight,Intrastate,Spend,AUD millions,Queensland,QLD,2022,13448.358,sum of four quarters,Tourism Research Australia: Domestic Tourism Statistics
Overnight,Intrastate,Spend,AUD millions,Queensland,QLD,2023,14952.759,sum of four quarters,Tourism Research Australia: Domestic Tourism Statistics
Overnight,Intrastate,Spend,AUD millions,Queensland,QLD,2024,15342.446,sum of four quarters,Tourism Research Australia: Domestic Tourism Statistics
Overnight,Intrastate,Spend,AUD millions,South Australia,SA,2019,2009.422,sum of four quarters,Tourism Research Australia: Domestic Tourism Statistics
Overnight,Intrastate,Spend,AUD millions,South Australia,SA,2020,1977.328,sum of four quarters,Tourism Research Australia: Domestic Tourism Statistics
Overnight,Intrastate,Spend,AUD millions,South Australia,SA,2021,2847.162,sum of four quarters,Tourism Research Australia: Domestic Tourism Statistics
Overnight,Intrastate,Spend,AUD millions,South Australia,SA,2022,2778.099,sum of four quarters,Tourism Research Australia: Domestic Tourism Statistics
Overnight,Intrastate,Spend,AUD millions,South Australia,SA,2023,3297.242,sum of four quarters,Tourism Research Australia: Domestic Tourism Statistics
Overnight,Intrastate,Spend,AUD millions,South Australia,SA,2024,2946.094,sum of four quarters,Tourism Research Australia: Domestic Tourism Statistics
Overnight,Intrastate,Spend,AUD millions,Western Australia,WA,2019,4927.198,sum of four quarters,Tourism Research Australia: Domestic Tourism Statistics
Overnight,Intrastate,Spend,AUD millions,Western Australia,WA,2020,5551.858,sum of four quarters,Tourism Research Australia: Domestic Tourism Statistics
Overnight,Intrastate,Spend,AUD millions,Western Australia,WA,2021,7922.258,sum of four quarters,Tourism Research Australia: Domestic Tourism Statistics
Overnight,Intrastate,Spend,AUD millions,Western Australia,WA,2022,8110.845,sum of four quarters,Tourism Research Australia: Domestic Tourism Statistics
Overnight,Intrastate,Spend,AUD millions,Western Australia,WA,2023,8513.701,sum of four quarters,Tourism Research Australia: Domestic Tourism Statistics
Overnight,Intrastate,Spend,AUD millions,Western Australia,WA,2024,8238.442,sum of four quarters,Tourism Research Australia: Domestic Tourism Statistics
Overnight,Intrastate,Spend,AUD millions,Tasmania,TAS,2019,574.915,sum of four quarters,Tourism Research Australia: Domestic Tourism Statistics
Overnight,Intrastate,Spend,AUD millions,Tasmania,TAS,2020,546.015,sum of four quarters,Tourism Research Australia: Domestic Tourism Statistics
Overnight,Intrastate,Spend,AUD millions,Tasmania,TAS,2021,732.332,sum of four quarters,Tourism Research Australia: Domestic Tourism Statistics
Overnight,Intrastate,Spend,AUD millions,Tasmania,TAS,2022,834.999,sum of four quarters,Tourism Research Australia: Domestic Tourism Statistics
Overnight,Intrastate,Spend,AUD millions,Tasmania,TAS,2023,990.469,sum of four quarters,Tourism Research Australia: Domestic Tourism Statistics
Overnight,Intrastate,Spend,AUD millions,Tasmania,TAS,2024,845.342,sum of four quarters,Tourism Research Australia: Domestic Tourism Statistics
Overnight,Intrastate,Spend,AUD millions,Northern Territory,NT,2019,191.533,sum of four quarters,Tourism Research Australia: Domestic Tourism Statistics
Overnight,Intrastate,Spend,AUD millions,Northern Territory,NT,2020,196.524,sum of four quarters,Tourism Research Australia: Domestic Tourism Statistics
Overnight,Intrastate,Spend,AUD millions,Northern Territory,NT,2021,210.296,sum of four quarters,Tourism Research Australia: Domestic Tourism Statistics
Overnight,Intrastate,Spend,AUD millions,Northern Territory,NT,2022,271.961,sum of four quarters,Tourism Research Australia: Domestic Tourism Statistics
Overnight,Intrastate,Spend,AUD millions,Northern Territory,NT,2023,348.642,sum of four quarters,Tourism Research Australia: Domestic Tourism Statistics
Overnight,Intrastate,Spend,AUD millions,Northern Territory,NT,2024,354.917,sum of four quarters,Tourism Research Australia: Domestic Tourism Statistics
Overnight,Intrastate,Spend,AUD millions,ACT,ACT,2019,148.79,sum of four quarters,Tourism Research Australia: Domestic Tourism Statistics
Overnight,Intrastate,Spend,AUD millions,ACT,ACT,2020,62.921,sum of four quarters,Tourism Research Australia: Domestic Tourism Statistics
Overnight,Intrastate,Spend,AUD millions,ACT,ACT,2021,87.76,sum of four quarters,Tourism Research Australia: Domestic Tourism Statistics
Overnight,Intrastate,Spend,AUD millions,ACT,ACT,2022,158.514,sum of four quarters,Tourism Research Australia: Domestic Tourism Statistics
Overnight,Intrastate,Spend,AUD millions,ACT,ACT,2023,183.468,sum of four quarters,Tourism Research Australia: Domestic Tourism Statistics
Overnight,Intrastate,Spend,AUD millions,ACT,ACT,2024,196.531,sum of four quarters,Tourism Research Australia: Domestic Tourism Statistics
Daytrip,All daytrip,Trips,000 trips,Australia,AUS,2019,217295.805,year ending December value,Tourism Research Australia: Domestic Tourism Statistics
Daytrip,All daytrip,Trips,000 trips,Australia,AUS,2020,186444.794,year ending December value,Tourism Research Australia: Domestic Tourism Statistics
Daytrip,All daytrip,Trips,000 trips,Australia,AUS,2021,208855.11,year ending December value,Tourism Research Australia: Domestic Tourism Statistics
Daytrip,All daytrip,Trips,000 trips,Australia,AUS,2022,235310.264,year ending December value,Tourism Research Australia: Domestic Tourism Statistics
Daytrip,All daytrip,Trips,000 trips,Australia,AUS,2023,244110.226,year ending December value,Tourism Research Australia: Domestic Tourism Statistics
Daytrip,All daytrip,Trips,000 trips,Australia,AUS,2024,254334.69,year ending December value,Tourism Research Australia: Domestic Tourism Statistics
Daytrip,All daytrip,Trips,000 trips,New South Wales,NSW,2019,69209.735,year ending December value,Tourism Research Australia: Domestic Tourism Statistics
Daytrip,All daytrip,Trips,000 trips,New South Wales,NSW,2020,59157.647,year ending December value,Tourism Research Australia: Domestic Tourism Statistics
Daytrip,All daytrip,Trips,000 trips,New South Wales,NSW,2021,60873.146,year ending December value,Tourism Research Australia: Domestic Tourism Statistics
Daytrip,All daytrip,Trips,000 trips,New South Wales,NSW,2022,72010.606,year ending December value,Tourism Research Australia: Domestic Tourism Statistics
Daytrip,All daytrip,Trips,000 trips,New South Wales,NSW,2023,76598.171,year ending December value,Tourism Research Australia: Domestic Tourism Statistics
Daytrip,All daytrip,Trips,000 trips,New South Wales,NSW,2024,78607.185,year ending December value,Tourism Research Australia: Domestic Tourism Statistics
Daytrip,All daytrip,Trips,000 trips,Victoria,VIC,2019,66467.653,year ending December value,Tourism Research Australia: Domestic Tourism Statistics
Daytrip,All daytrip,Trips,000 trips,Victoria,VIC,2020,49880.283,year ending December value,Tourism Research Australia: Domestic Tourism Statistics
Daytrip,All daytrip,Trips,000 trips,Victoria,VIC,2021,59201.056,year ending December value,Tourism Research Australia: Domestic Tourism Statistics
Daytrip,All daytrip,Trips,000 trips,Victoria,VIC,2022,70823.051,year ending December value,Tourism Research Australia: Domestic Tourism Statistics
Daytrip,All daytrip,Trips,000 trips,Victoria,VIC,2023,72608.973,year ending December value,Tourism Research Australia: Domestic Tourism Statistics
Daytrip,All daytrip,Trips,000 trips,Victoria,VIC,2024,76728.942,year ending December value,Tourism Research Australia: Domestic Tourism Statistics
Daytrip,All daytrip,Trips,000 trips,Queensland,QLD,2019,40721.932,year ending December value,Tourism Research Australia: Domestic Tourism Statistics
Daytrip,All daytrip,Trips,000 trips,Queensland,QLD,2020,37606.169,year ending December value,Tourism Research Australia: Domestic Tourism Statistics
Daytrip,All daytrip,Trips,000 trips,Queensland,QLD,2021,43134.026,year ending December value,Tourism Research Australia: Domestic Tourism Statistics
Daytrip,All daytrip,Trips,000 trips,Queensland,QLD,2022,45265.216,year ending December value,Tourism Research Australia: Domestic Tourism Statistics
Daytrip,All daytrip,Trips,000 trips,Queensland,QLD,2023,46440.603,year ending December value,Tourism Research Australia: Domestic Tourism Statistics
Daytrip,All daytrip,Trips,000 trips,Queensland,QLD,2024,48636.313,year ending December value,Tourism Research Australia: Domestic Tourism Statistics
Daytrip,All daytrip,Trips,000 trips,South Australia,SA,2019,12620.687,year ending December value,Tourism Research Australia: Domestic Tourism Statistics
Daytrip,All daytrip,Trips,000 trips,South Australia,SA,2020,12138.314,year ending December value,Tourism Research Australia: Domestic Tourism Statistics
Daytrip,All daytrip,Trips,000 trips,South Australia,SA,2021,13927.493,year ending December value,Tourism Research Australia: Domestic Tourism Statistics
Daytrip,All daytrip,Trips,000 trips,South Australia,SA,2022,14533.905,year ending December value,Tourism Research Australia: Domestic Tourism Statistics
Daytrip,All daytrip,Trips,000 trips,South Australia,SA,2023,14833.051,year ending December value,Tourism Research Australia: Domestic Tourism Statistics
Daytrip,All daytrip,Trips,000 trips,South Australia,SA,2024,15436.845,year ending December value,Tourism Research Australia: Domestic Tourism Statistics
Daytrip,All daytrip,Trips,000 trips,Western Australia,WA,2019,22012.827,year ending December value,Tourism Research Australia: Domestic Tourism Statistics
Daytrip,All daytrip,Trips,000 trips,Western Australia,WA,2020,21539.548,year ending December value,Tourism Research Australia: Domestic Tourism Statistics
Daytrip,All daytrip,Trips,000 trips,Western Australia,WA,2021,24399.267,year ending December value,Tourism Research Australia: Domestic Tourism Statistics
Daytrip,All daytrip,Trips,000 trips,Western Australia,WA,2022,24909.179,year ending December value,Tourism Research Australia: Domestic Tourism Statistics
Daytrip,All daytrip,Trips,000 trips,Western Australia,WA,2023,25672.348,year ending December value,Tourism Research Australia: Domestic Tourism Statistics
Daytrip,All daytrip,Trips,000 trips,Western Australia,WA,2024,26778.288,year ending December value,Tourism Research Australia: Domestic Tourism Statistics
Daytrip,All daytrip,Trips,000 trips,Tasmania,TAS,2019,3973.046,year ending December value,Tourism Research Australia: Domestic Tourism Statistics
Daytrip,All daytrip,Trips,000 trips,Tasmania,TAS,2020,3970.048,year ending December value,Tourism Research Australia: Domestic Tourism Statistics
Daytrip,All daytrip,Trips,000 trips,Tasmania,TAS,2021,5012.149,year ending December value,Tourism Research Australia: Domestic Tourism Statistics
Daytrip,All daytrip,Trips,000 trips,Tasmania,TAS,2022,5199.177,year ending December value,Tourism Research Australia: Domestic Tourism Statistics
Daytrip,All daytrip,Trips,000 trips,Tasmania,TAS,2023,5267.467,year ending December value,Tourism Research Australia: Domestic Tourism Statistics
Daytrip,All daytrip,Trips,000 trips,Tasmania,TAS,2024,5358.882,year ending December value,Tourism Research Australia: Domestic Tourism Statistics
Daytrip,All daytrip,Trips,000 trips,Northern Territory,NT,2019,551.309,year ending December value,Tourism Research Australia: Domestic Tourism Statistics
Daytrip,All daytrip,Trips,000 trips,Northern Territory,NT,2020,669.067,year ending December value,Tourism Research Australia: Domestic Tourism Statistics
Daytrip,All daytrip,Trips,000 trips,Northern Territory,NT,2021,772.968,year ending December value,Tourism Research Australia: Domestic Tourism Statistics
Daytrip,All daytrip,Trips,000 trips,Northern Territory,NT,2022,771.807,year ending December value,Tourism Research Australia: Domestic Tourism Statistics
Daytrip,All daytrip,Trips,000 trips,Northern Territory,NT,2023,823.505,year ending December value,Tourism Research Australia: Domestic Tourism Statistics
Daytrip,All daytrip,Trips,000 trips,Northern Territory,NT,2024,849.557,year ending December value,Tourism Research Australia: Domestic Tourism Statistics
Daytrip,All daytrip,Trips,000 trips,ACT,ACT,2019,1738.616,year ending December value,Tourism Research Australia: Domestic Tourism Statistics
Daytrip,All daytrip,Trips,000 trips,ACT,ACT,2020,1483.718,year ending December value,Tourism Research Australia: Domestic Tourism Statistics
Daytrip,All daytrip,Trips,000 trips,ACT,ACT,2021,1535.005,year ending December value,Tourism Research Australia: Domestic Tourism Statistics
Daytrip,All daytrip,Trips,000 trips,ACT,ACT,2022,1797.323,year ending December value,Tourism Research Australia: Domestic Tourism Statistics
Daytrip,All daytrip,Trips,000 trips,ACT,ACT,2023,1866.108,year ending December value,Tourism Research Australia: Domestic Tourism Statistics
Daytrip,All daytrip,Trips,000 trips,ACT,ACT,2024,1938.678,year ending December value,Tourism Research Australia: Domestic Tourism Statistics
Daytrip,All daytrip,Spend,AUD millions,Australia,AUS,2019,23075.237,year ending December value,Tourism Research Australia: Domestic Tourism Statistics
Daytrip,All daytrip,Spend,AUD millions,Australia,AUS,2020,19563.891,year ending December value,Tourism Research Australia: Domestic Tourism Statistics
Daytrip,All daytrip,Spend,AUD millions,Australia,AUS,2021,23818.804,year ending December value,Tourism Research Australia: Domestic Tourism Statistics
Daytrip,All daytrip,Spend,AUD millions,Australia,AUS,2022,33877.065,year ending December value,Tourism Research Australia: Domestic Tourism Statistics
Daytrip,All daytrip,Spend,AUD millions,Australia,AUS,2023,37282.82,year ending December value,Tourism Research Australia: Domestic Tourism Statistics
Daytrip,All daytrip,Spend,AUD millions,Australia,AUS,2024,38850.413,year ending December value,Tourism Research Australia: Domestic Tourism Statistics
Daytrip,All daytrip,Spend,AUD millions,New South Wales,NSW,2019,7578.264,year ending December value,Tourism Research Australia: Domestic Tourism Statistics
Daytrip,All daytrip,Spend,AUD millions,New South Wales,NSW,2020,5984.011,year ending December value,Tourism Research Australia: Domestic Tourism Statistics
Daytrip,All daytrip,Spend,AUD millions,New South Wales,NSW,2021,7055.171,year ending December value,Tourism Research Australia: Domestic Tourism Statistics
Daytrip,All daytrip,Spend,AUD millions,New South Wales,NSW,2022,10322.603,year ending December value,Tourism Research Australia: Domestic Tourism Statistics
Daytrip,All daytrip,Spend,AUD millions,New South Wales,NSW,2023,11458.001,year ending December value,Tourism Research Australia: Domestic Tourism Statistics
Daytrip,All daytrip,Spend,AUD millions,New South Wales,NSW,2024,12441.086,year ending December value,Tourism Research Australia: Domestic Tourism Statistics
Daytrip,All daytrip,Spend,AUD millions,Victoria,VIC,2019,6544.201,year ending December value,Tourism Research Australia: Domestic Tourism Statistics
Daytrip,All daytrip,Spend,AUD millions,Victoria,VIC,2020,4884.442,year ending December value,Tourism Research Australia: Domestic Tourism Statistics
Daytrip,All daytrip,Spend,AUD millions,Victoria,VIC,2021,6405.166,year ending December value,Tourism Research Australia: Domestic Tourism Statistics
Daytrip,All daytrip,Spend,AUD millions,Victoria,VIC,2022,9994.871,year ending December value,Tourism Research Australia: Domestic Tourism Statistics
Daytrip,All daytrip,Spend,AUD millions,Victoria,VIC,2023,10654.058,year ending December value,Tourism Research Australia: Domestic Tourism Statistics
Daytrip,All daytrip,Spend,AUD millions,Victoria,VIC,2024,10818.0,year ending December value,Tourism Research Australia: Domestic Tourism Statistics
Daytrip,All daytrip,Spend,AUD millions,Queensland,QLD,2019,4508.148,year ending December value,Tourism Research Australia: Domestic Tourism Statistics
Daytrip,All daytrip,Spend,AUD millions,Queensland,QLD,2020,4002.897,year ending December value,Tourism Research Australia: Domestic Tourism Statistics
Daytrip,All daytrip,Spend,AUD millions,Queensland,QLD,2021,4791.96,year ending December value,Tourism Research Australia: Domestic Tourism Statistics
Daytrip,All daytrip,Spend,AUD millions,Queensland,QLD,2022,6789.993,year ending December value,Tourism Research Australia: Domestic Tourism Statistics
Daytrip,All daytrip,Spend,AUD millions,Queensland,QLD,2023,7324.711,year ending December value,Tourism Research Australia: Domestic Tourism Statistics
Daytrip,All daytrip,Spend,AUD millions,Queensland,QLD,2024,7186.475,year ending December value,Tourism Research Australia: Domestic Tourism Statistics
Daytrip,All daytrip,Spend,AUD millions,South Australia,SA,2019,1221.886,year ending December value,Tourism Research Australia: Domestic Tourism Statistics
Daytrip,All daytrip,Spend,AUD millions,South Australia,SA,2020,1154.093,year ending December value,Tourism Research Australia: Domestic Tourism Statistics
Daytrip,All daytrip,Spend,AUD millions,South Australia,SA,2021,1784.027,year ending December value,Tourism Research Australia: Domestic Tourism Statistics
Daytrip,All daytrip,Spend,AUD millions,South Australia,SA,2022,1914.27,year ending December value,Tourism Research Australia: Domestic Tourism Statistics
Daytrip,All daytrip,Spend,AUD millions,South Australia,SA,2023,2269.494,year ending December value,Tourism Research Australia: Domestic Tourism Statistics
Daytrip,All daytrip,Spend,AUD millions,South Australia,SA,2024,2163.896,year ending December value,Tourism Research Australia: Domestic Tourism Statistics
Daytrip,All daytrip,Spend,AUD millions,Western Australia,WA,2019,2492.531,year ending December value,Tourism Research Australia: Domestic Tourism Statistics
Daytrip,All daytrip,Spend,AUD millions,Western Australia,WA,2020,2789.243,year ending December value,Tourism Research Australia: Domestic Tourism Statistics
Daytrip,All daytrip,Spend,AUD millions,Western Australia,WA,2021,2834.61,year ending December value,Tourism Research Australia: Domestic Tourism Statistics
Daytrip,All daytrip,Spend,AUD millions,Western Australia,WA,2022,3575.557,year ending December value,Tourism Research Australia: Domestic Tourism Statistics
Daytrip,All daytrip,Spend,AUD millions,Western Australia,WA,2023,4181.887,year ending December value,Tourism Research Australia: Domestic Tourism Statistics
Daytrip,All daytrip,Spend,AUD millions,Western Australia,WA,2024,5024.373,year ending December value,Tourism Research Australia: Domestic Tourism Statistics
Daytrip,All daytrip,Spend,AUD millions,Tasmania,TAS,2019,420.197,year ending December value,Tourism Research Australia: Domestic Tourism Statistics
Daytrip,All daytrip,Spend,AUD millions,Tasmania,TAS,2020,477.358,year ending December value,Tourism Research Australia: Domestic Tourism Statistics
Daytrip,All daytrip,Spend,AUD millions,Tasmania,TAS,2021,611.968,year ending December value,Tourism Research Australia: Domestic Tourism Statistics
Daytrip,All daytrip,Spend,AUD millions,Tasmania,TAS,2022,712.093,year ending December value,Tourism Research Australia: Domestic Tourism Statistics
Daytrip,All daytrip,Spend,AUD millions,Tasmania,TAS,2023,733.962,year ending December value,Tourism Research Australia: Domestic Tourism Statistics
Daytrip,All daytrip,Spend,AUD millions,Tasmania,TAS,2024,726.497,year ending December value,Tourism Research Australia: Domestic Tourism Statistics
Daytrip,All daytrip,Spend,AUD millions,Northern Territory,NT,2019,66.533,year ending December value,Tourism Research Australia: Domestic Tourism Statistics
Daytrip,All daytrip,Spend,AUD millions,Northern Territory,NT,2020,95.586,year ending December value,Tourism Research Australia: Domestic Tourism Statistics
Daytrip,All daytrip,Spend,AUD millions,Northern Territory,NT,2021,98.915,year ending December value,Tourism Research Australia: Domestic Tourism Statistics
Daytrip,All daytrip,Spend,AUD millions,Northern Territory,NT,2022,118.8,year ending December value,Tourism Research Australia: Domestic Tourism Statistics
Daytrip,All daytrip,Spend,AUD millions,Northern Territory,NT,2023,125.606,year ending December value,Tourism Research Australia: Domestic Tourism Statistics
Daytrip,All daytrip,Spend,AUD millions,Northern Territory,NT,2024,210.348,year ending December value,Tourism Research Australia: Domestic Tourism Statistics
Daytrip,All daytrip,Spend,AUD millions,ACT,ACT,2019,243.477,year ending December value,Tourism Research Australia: Domestic Tourism Statistics
Daytrip,All daytrip,Spend,AUD millions,ACT,ACT,2020,176.261,year ending December value,Tourism Research Australia: Domestic Tourism Statistics
Daytrip,All daytrip,Spend,AUD millions,ACT,ACT,2021,236.986,year ending December value,Tourism Research Australia: Domestic Tourism Statistics
Daytrip,All daytrip,Spend,AUD millions,ACT,ACT,2022,448.877,year ending December value,Tourism Research Australia: Domestic Tourism Statistics
Daytrip,All daytrip,Spend,AUD millions,ACT,ACT,2023,535.102,year ending December value,Tourism Research Australia: Domestic Tourism Statistics
Daytrip,All daytrip,Spend,AUD millions,ACT,ACT,2024,279.738,year ending December value,Tourism Research Australia: Domestic Tourism Statistics
